{
  "graph_label": "No-hub graph",
  "measures": {
    "degree": {
      "x": [
        0.027393215378557708,
        0.054507038913498757,
        0.07688779006773222,
        0.10845814374325904,
        0.15299137787509565,
        0.2158100894620471,
        0.3044223495499233,
        0.42941906532962804,
        0.6057398017629151,
        0.8544583533060467
      ],
      "y": [
        4.559977979759647,
        3.0555676578278033,
        1.3538393505110746,
        2.4953742674800288,
        1.4968567370870436,
        2.990504472554729,
        0.6838769618684627,
        0.4848118035356748,
        1.3747647483567182,
        0.1705538971100035
      ]
    },
    "betweenness": {
      "x": [
        2.472833028684356e-05,
        0.00023822507211354303,
        0.0007394074196563167,
        0.002294986532661149,
        0.007123221981656842,
        0.022109189172941867,
        0.0686229134994937,
        0.21299307814156265,
        0.6610918864083568
      ],
      "y": [
        340.0142222466944,
        776.474306997072,
        34.11373932593992,
        29.309048642445934,
        10.623262352953285,
        11.789102786598168,
        3.0631109789598647,
        0.39475386070303387,
        0.08902830172268687
      ]
    },
    "closeness": {
      "x": [
        0.019782299778322243,
        0.041902827253929714,
        0.06098550162650722,
        0.08875848367219466,
        0.3982382489431364,
        0.5795971529911834,
        0.8435474509216526
      ],
      "y": [
        3.8659922411475955,
        0.9125663167260081,
        1.5675491595409075,
        0.21541100718186346,
        0.24005170792236538,
        2.1441979609990645,
        1.3372735656180104
      ]
    },
    "eigenvector": {
      "x": [
        7.0123625337459e-05,
        0.00017608919992126201,
        0.00044218202039172813,
        0.0011103743968689688,
        0.002788289085408483,
        0.007001742876754679,
        0.017582252704261045,
        0.04415123714165579,
        0.11086928244788034,
        0.2784066446670554,
        0.699113930237671
      ],
      "y": [
        128.42861752930838,
        153.43156074750772,
        162.93525910899317,
        24.332009861613734,
        9.689684228255354,
        2.5724681459331977,
        4.097713943583796,
        1.2238678924450128,
        1.7870537384804264,
        1.2939174305991323,
        0.4251010252658764
      ]
    }
  }
}