{
  "graph_label": "Full graph (with hub nodes)",
  "measures": {
    "degree": {
      "x": [
        0.01686224147059032,
        0.024082025516809106,
        0.049118876919081594,
        0.07014975140673974,
        0.10018526340767558,
        0.14308086347831325,
        0.20434276257171835,
        0.2918347261845438,
        0.41678749144499977,
        0.5952403790190749,
        0.850100149566335
      ],
      "y": [
        3.3189542045446263,
        8.52108666504251,
        6.456479888061546,
        1.329655632048459,
        2.97928086817206,
        2.8683783632546835,
        1.4606831912557154,
        2.0455416149106296,
        0.9846985848210121,
        0.21938198661501465,
        0.02194447609316469
      ]
    },
    "betweenness": {
      "x": [
        0.0001581778307490803,
        0.0003670213475901797,
        0.0008516027116378618,
        0.0019759809156353384,
        0.004584885094418808,
        0.010638347345710484,
        0.024684246587935804,
        0.057275064426214946,
        0.1328958124502919,
        0.3083592684487583,
        0.7154885973086549
      ],
      "y": [
        124.20739546487025,
        107.06110969634528,
        34.6056725321602,
        104.39978966029005,
        25.710816266530863,
        27.70193866467642,
        7.561305747069931,
        2.744210811381843,
        1.0348557423118583,
        0.15928543737684975,
        0.027459356377626327
      ]
    },
    "closeness": {
      "x": [
        0.35093353888317924,
        0.4073741007194245,
        0.4638146625556698,
        0.5202552243919151,
        0.5766957862281603,
        0.6331363480644057,
        0.689576909900651,
        0.7460174717368961,
        0.8024580335731415,
        0.8588985954093868,
        0.9153391572456321,
        0.9717797190818773
      ],
      "y": [
        0.11656417219071959,
        0.3496925165721587,
        1.7484625828607954,
        0.5828208609535973,
        1.0490775497164773,
        1.1656417219071946,
        1.0490775497164773,
        1.7484625828607954,
        6.061336953917412,
        2.680975960386553,
        0.9325133775257557,
        0.2331283443814394
      ]
    },
    "eigenvector": {
      "x": [
        1.4718522537901248e-06,
        1.5654471129978413e-05,
        5.1053496553229674e-05,
        0.00016649936549560226,
        0.0005429998057338633,
        0.0017708703462584725,
        0.005775290801475201,
        0.018834797201316845,
        0.06142540658283702,
        0.20032499068283252,
        0.6533143877193278
      ],
      "y": [
        4211.6144135363775,
        395.98106606026494,
        121.41918938295206,
        74.46123471049778,
        159.8237005185114,
        14.001870164590173,
        2.146688151209665,
        3.291181795270455,
        2.1192591916225294,
        0.9592667320806794,
        0.6167426103064862
      ]
    }
  }
}